<?xml version="1.0" ?><list><model.User><fullname>a</fullname><email>a</email><kartuanggota>a</kartuanggota><password>a</password><tanggalLahir>a</tanggalLahir></model.User><model.User><fullname>Sulthon</fullname><email>Sulthon123@gmail.com</email><kartuanggota>1234567</kartuanggota><password>sulthon123</password><tanggalLahir>09/11/05</tanggalLahir></model.User><model.User><fullname>Sulthon</fullname><email>Sulthon22@gmail.com</email><kartuanggota>12345</kartuanggota><password>sulthon123</password><tanggalLahir>08/11/04</tanggalLahir></model.User><model.User><fullname>Sulthon</fullname><email>Sulthon22@gmail.com</email><kartuanggota>12345</kartuanggota><password>sulthon66</password><tanggalLahir>08/11/05</tanggalLahir></model.User><model.User><fullname>Ryan</fullname><email>ryan22@gmail.com</email><kartuanggota>12345</kartuanggota><password>ryan123</password><tanggalLahir>08/04/2003</tanggalLahir></model.User></list>